field,source_value,source_valid,protocol_code,flag_bit,decoded_value,decoded_valid,absolute_error/tolerance,passed
lat,48.3902,True,3224725,0,48.390216443590276,True,1.6443590276082887e-05,True
lon,9.4747,True,2207540,1,9.474723213845039,True,2.3213845038227987e-05,True
altitude,11887.2,True,12887,2,11887.0,True,0.2000000000007276,True
speed,241.82,True,2418,3,241.8,True,0.01999999999998181,True
heading,152.78,True,15278,4,152.78,True,0.0,True
vertical_rate,0,True,32768,5,0.0,True,0.0,True
lat,45.5435,True,3158392,0,45.543512235525185,True,1.2235525183257323e-05,True
lon,5.0463,True,2155945,1,5.046287786075538,True,1.2213924461157433e-05,True
altitude,10972.8,True,11973,2,10973.0,True,0.2000000000007276,True
speed,256.15,True,2561,3,256.1,True,0.049999999999954525,True
heading,109.96,True,10996,4,109.96000000000001,True,1.4210854715202004e-14,True
vertical_rate,0,True,32768,5,0.0,True,0.0,True
lat,47.5864,True,3205995,0,47.58641185436531,True,1.1854365311592119e-05,True
lon,7.5318,True,2184903,1,7.531773455565798,True,2.6544434201802858e-05,True
altitude,,False,0,2,,False,,True
speed,12.35,True,123,3,12.3,True,0.049999999999998934,True
heading,300.94,True,30094,4,300.94,True,0.0,True
vertical_rate,,False,0,5,,False,,True
lat,48.9159,True,3236974,0,48.91588662049452,True,1.337950548219169e-05,True
lon,9.0408,True,2202484,1,9.040763149443421,True,3.68505565795374e-05,True
altitude,11582.4,True,12582,2,11582.0,True,0.3999999999996362,True
speed,228.42,True,2284,3,228.4,True,0.01999999999998181,True
heading,300.9,True,30090,4,300.90000000000003,True,5.684341886080802e-14,True
vertical_rate,0,True,32768,5,0.0,True,0.0,True
lat,48.6854,True,3231603,0,48.6853882516356,True,1.1748364400432365e-05,True
lon,9.2005,True,2204345,1,9.200494098781121,True,5.901218878889836e-06,True
altitude,,False,0,2,,False,,True
speed,1.29,True,13,3,1.3,True,0.010000000000000009,True
heading,70.31,True,7031,4,70.31,True,0.0,True
vertical_rate,,False,0,5,,False,,True
lat,49.3885,True,3247987,0,49.38851341927369,True,1.3419273692250044e-05,True
lon,11.6329,True,2232685,1,11.63293639014637,True,3.639014637002447e-05,True
altitude,12192,True,13192,2,12192.0,True,0.0,True
speed,244.2,True,2442,3,244.20000000000002,True,2.842170943040401e-14,True
heading,293.59,True,29359,4,293.59000000000003,True,5.684341886080802e-14,True
vertical_rate,0,True,32768,5,0.0,True,0.0,True
lat,48.5581,True,3228637,0,48.558101310277294,True,1.310277291111106e-06,True
lon,6.2995,True,2170546,1,6.299501967311386,True,1.967311385797643e-06,True
altitude,11887.2,True,12887,2,11887.0,True,0.2000000000007276,True
speed,233.12,True,2331,3,233.10000000000002,True,0.01999999999998181,True
heading,181.52,True,18152,4,181.52,True,0.0,True
vertical_rate,0,True,32768,5,0.0,True,0.0,True
lat,45.7544,True,3163306,0,45.75439828739124,True,1.7126087570318305e-06,True
lon,8.7707,True,2199338,1,8.770739739117545,True,3.973911754506787e-05,True
altitude,3429,True,4429,2,3429.0,True,0.0,True
speed,180.12,True,1801,3,180.10000000000002,True,0.01999999999998181,True
heading,147.72,True,14772,4,147.72,True,0.0,True
vertical_rate,-6.83,True,32085,5,-6.829999999999984,True,1.5987211554602254e-14,True
lat,47.4577,True,3202996,0,47.45770870630949,True,8.706309486683494e-06,True
lon,8.5626,True,2196913,1,8.562600269937576,True,2.699375762915679e-07,True
altitude,,False,0,2,,False,,True
speed,2.83,True,28,3,2.8000000000000003,True,0.029999999999999805,True
heading,272.81,True,27281,4,272.81,True,0.0,True
vertical_rate,,False,0,5,,False,,True
lat,47.4581,True,3203005,0,47.45809494449972,True,5.055500281514469e-06,True
lon,8.5502,True,2196769,1,8.550240647850188,True,4.064785018798034e-05,True
altitude,,False,0,2,,False,,True
speed,3.6,True,36,3,3.6,True,0.0,True
heading,275.62,True,27562,4,275.62,True,0.0,True
vertical_rate,,False,0,5,,False,,True
lat,47.4409,True,3202604,0,47.44088588735721,True,1.4112642787722507e-05,True
lon,8.5619,True,2196905,1,8.561913624266055,True,1.36242660548902e-05,True
altitude,,False,0,2,,False,,True
speed,2.83,True,28,3,2.8000000000000003,True,0.029999999999999805,True
heading,22.5,True,2250,4,22.5,True,0.0,True
vertical_rate,,False,0,5,,False,,True
lat,47.458,True,3203003,0,47.45800911379078,True,9.113790781611897e-06,True
lon,8.5506,True,2196773,1,8.550583970685949,True,1.602931405031427e-05,True
altitude,,False,0,2,,False,,True
speed,4.63,True,46,3,4.6000000000000005,True,0.02999999999999936,True
heading,278.44,True,27844,4,278.44,True,0.0,True
vertical_rate,,False,0,5,,False,,True
lat,47.4568,True,3202975,0,47.45680748386562,True,7.483865616109142e-06,True
lon,8.5628,True,2196915,1,8.562771931355456,True,2.8068644542855736e-05,True
altitude,,False,0,2,,False,,True
speed,0.26,True,3,3,0.30000000000000004,True,0.040000000000000036,True
heading,300.94,True,30094,4,300.94,True,0.0,True
vertical_rate,,False,0,5,,False,,True
lat,47.9068,True,3213461,0,47.90681789083908,True,1.7890839082213006e-05,True
lon,8.0877,True,2191380,1,8.087698957371487,True,1.0426285133036117e-06,True
altitude,10972.8,True,11973,2,10973.0,True,0.2000000000007276,True
speed,229.54,True,2295,3,229.5,True,0.03999999999999204,True
heading,225.45,True,22545,4,225.45000000000002,True,2.842170943040401e-14,True
vertical_rate,0,True,32768,5,0.0,True,0.0,True
lat,46.8991,True,3189979,0,46.89907953717221,True,2.046282778422892e-05,True
lon,11.2504,True,2228228,1,11.250388920399871,True,1.1079600129804135e-05,True
altitude,9883.14,True,10883,2,9883.0,True,0.13999999999941792,True
speed,244.26,True,2443,3,244.3,True,0.040000000000020464,True
heading,222.87,True,22287,4,222.87,True,0.0,True
vertical_rate,-8.13,True,31955,5,-8.129999999999995,True,5.329070518200751e-15,True
lat,49.3817,True,3247828,0,49.38168987791295,True,1.0122087054753592e-05,True
lon,10.8344,True,2223381,1,10.834367474166726,True,3.252583327473246e-05,True
altitude,10363.2,True,11363,2,10363.0,True,0.2000000000007276,True
speed,243.21,True,2432,3,243.20000000000002,True,0.009999999999990905,True
heading,288.63,True,28863,4,288.63,True,0.0,True
vertical_rate,0,True,32768,5,0.0,True,0.0,True
lat,47.8922,True,3213120,0,47.892183754964776,True,1.624503522634768e-05,True
lon,7.5863,True,2185538,1,7.5862759557428205,True,2.4044257179056672e-05,True
altitude,11277.6,True,12278,2,11278.0,True,0.3999999999996362,True
speed,259.27,True,2593,3,259.3,True,0.03000000000002956,True
heading,104.01,True,10401,4,104.01,True,0.0,True
vertical_rate,0,True,32768,5,0.0,True,0.0,True
lat,46.5527,True,3181908,0,46.552709711244034,True,9.711244032928334e-06,True
lon,5.7932,True,2164647,1,5.793186615273129,True,1.3384726870846464e-05,True
altitude,11277.6,True,12278,2,11278.0,True,0.3999999999996362,True
speed,224.65,True,2247,3,224.70000000000002,True,0.05000000000001137,True
heading,200.51,True,20051,4,200.51,True,0.0,True
vertical_rate,0,True,32768,5,0.0,True,0.0,True
lat,48.7181,True,3232365,0,48.71808975174184,True,1.0248258156764223e-05,True
lon,9.474,True,2207532,1,9.474036568173517,True,3.656817351682662e-05,True
altitude,11582.4,True,12582,2,11582.0,True,0.3999999999996362,True
speed,222.93,True,2229,3,222.9,True,0.030000000000001137,True
heading,302.37,True,30237,4,302.37,True,0.0,True
vertical_rate,0,True,32768,5,0.0,True,0.0,True
lat,49.244,True,3244620,0,49.24401742077288,True,1.7420772877585478e-05,True
lon,10.6347,True,2221055,1,10.634725245171836,True,2.5245171835663882e-05,True
altitude,5189.22,True,6189,2,5189.0,True,0.22000000000025466,True
speed,186.49,True,1865,3,186.5,True,0.009999999999990905,True
heading,248.81,True,24881,4,248.81,True,0.0,True
vertical_rate,10.08,True,33776,5,10.079999999999984,True,1.5987211554602254e-14,True
lat,45.9506,True,3167878,0,45.95060728802855,True,7.288028548657621e-06,True
lon,11.2781,True,2228551,1,11.278112239387553,True,1.2239387553236725e-05,True
altitude,13716,True,14716,2,13716.0,True,0.0,True
speed,255.47,True,2555,3,255.5,True,0.030000000000001137,True
heading,118.11,True,11811,4,118.11,True,0.0,True
vertical_rate,0,True,32768,5,0.0,True,0.0,True
lat,45.7174,True,3162444,0,45.71740525183802,True,5.2518380186938884e-06,True
lon,5.0917,True,2156474,1,5.091692231104901,True,7.768895099680151e-06,True
altitude,,False,0,2,,False,,True
speed,5.66,True,57,3,5.7,True,0.040000000000000036,True
heading,171.56,True,17156,4,171.56,True,0.0,True
vertical_rate,,False,0,5,,False,,True
lat,47.4443,True,3202684,0,47.44431911571482,True,1.9115714820827634e-05,True
lon,8.5674,True,2196969,1,8.567406789638227,True,6.789638227644446e-06,True
altitude,,False,0,2,,False,,True
speed,0.26,True,3,3,0.30000000000000004,True,0.040000000000000036,True
heading,244.69,True,24469,4,244.69,True,0.0,True
vertical_rate,,False,0,5,,False,,True
lat,48.3811,True,3224513,0,48.381118388442616,True,1.8388442612149447e-05,True
lon,9.4818,True,2207622,1,9.481761331978134,True,3.8668021865362334e-05,True
altitude,11887.2,True,12887,2,11887.0,True,0.2000000000007276,True
speed,241.82,True,2418,3,241.8,True,0.01999999999998181,True
heading,152.78,True,15278,4,152.78,True,0.0,True
vertical_rate,0,True,32768,5,0.0,True,0.0,True
lat,45.5396,True,3158301,0,45.539606938268406,True,6.938268406031511e-06,True
lon,5.0616,True,2156123,1,5.061565652266893,True,3.434773310750927e-05,True
altitude,10972.8,True,11973,2,10973.0,True,0.2000000000007276,True
speed,255.67,True,2557,3,255.70000000000002,True,0.03000000000002956,True
heading,110,True,11000,4,110.0,True,0.0,True
vertical_rate,0,True,32768,5,0.0,True,0.0,True
lat,47.5871,True,3206011,0,47.58709850003683,True,1.4999631687828696e-06,True
lon,7.5312,True,2184896,1,7.5311726406032165,True,2.7359396783666057e-05,True
altitude,,False,0,2,,False,,True
speed,18.52,True,185,3,18.5,True,0.019999999999999574,True
heading,334.69,True,33469,4,334.69,True,0.0,True
vertical_rate,,False,0,5,,False,,True
lat,48.9207,True,3237086,0,48.92069314019517,True,6.859804827286098e-06,True
lon,9.0286,True,2202342,1,9.028575188773914,True,2.481122608699593e-05,True
altitude,11582.4,True,12582,2,11582.0,True,0.3999999999996362,True
speed,228.42,True,2284,3,228.4,True,0.01999999999998181,True
heading,300.9,True,30090,4,300.90000000000003,True,5.684341886080802e-14,True
vertical_rate,0,True,32768,5,0.0,True,0.0,True
lat,48.6854,True,3231603,0,48.6853882516356,True,1.1748364400432365e-05,True
lon,9.2005,True,2204345,1,9.200494098781121,True,5.901218878889836e-06,True
altitude,,False,0,2,,False,,True
speed,1.29,True,13,3,1.3,True,0.010000000000000009,True
heading,70.31,True,7031,4,70.31,True,0.0,True
vertical_rate,,False,0,5,,False,,True
lat,49.3929,True,3248089,0,49.39289078542964,True,9.214570354743046e-06,True
lon,11.6172,True,2232502,1,11.617229370410314,True,2.9370410313589446e-05,True
altitude,12184.38,True,13184,2,12184.0,True,0.37999999999919964,True
speed,244.2,True,2442,3,244.20000000000002,True,2.842170943040401e-14,True
heading,293.59,True,29359,4,293.59000000000003,True,5.684341886080802e-14,True
vertical_rate,0,True,32768,5,0.0,True,0.0,True
lat,48.5472,True,3228383,0,48.54720081024189,True,8.102418931343891e-07,True
lon,6.2991,True,2170541,1,6.299072813766685,True,2.718623331521286e-05,True
altitude,11887.2,True,12887,2,11887.0,True,0.2000000000007276,True
speed,233.64,True,2336,3,233.60000000000002,True,0.03999999999996362,True
heading,181.51,True,18151,4,181.51,True,0.0,True
vertical_rate,0,True,32768,5,0.0,True,0.0,True
lat,45.7476,True,3163148,0,45.747617661384965,True,1.7661384966061178e-05,True
lon,8.7767,True,2199407,1,8.776662058034418,True,3.79419655818225e-05,True
altitude,3398.52,True,4399,2,3399.0,True,0.4800000000000182,True
speed,176.54,True,1765,3,176.5,True,0.03999999999999204,True
heading,148.95,True,14895,4,148.95000000000002,True,2.842170943040401e-14,True
vertical_rate,-6.5,True,32118,5,-6.5,True,0.0,True
lat,47.4577,True,3202996,0,47.45770870630949,True,8.706309486683494e-06,True
lon,8.5625,True,2196912,1,8.562514439228636,True,1.443922863586522e-05,True
altitude,,False,0,2,,False,,True
speed,2.83,True,28,3,2.8000000000000003,True,0.029999999999999805,True
heading,272.81,True,27281,4,272.81,True,0.0,True
vertical_rate,,False,0,5,,False,,True
lat,47.4581,True,3203005,0,47.45809494449972,True,5.055500281514469e-06,True
lon,8.5499,True,2196765,1,8.549897325014427,True,2.674985571715638e-06,True
altitude,,False,0,2,,False,,True
speed,4.12,True,41,3,4.1000000000000005,True,0.019999999999999574,True
heading,275.62,True,27562,4,275.62,True,0.0,True
vertical_rate,,False,0,5,,False,,True
lat,47.441,True,3202607,0,47.44101463342062,True,1.4633420619247772e-05,True
lon,8.5624,True,2196911,1,8.562428608519696,True,2.8608519695438872e-05,True
altitude,,False,0,2,,False,,True
speed,2.83,True,28,3,2.8000000000000003,True,0.029999999999999805,True
heading,154.69,True,15469,4,154.69,True,0.0,True
vertical_rate,,False,0,5,,False,,True
lat,47.458,True,3203003,0,47.45800911379078,True,9.113790781611897e-06,True
lon,8.5502,True,2196769,1,8.550240647850188,True,4.064785018798034e-05,True
altitude,,False,0,2,,False,,True
speed,4.37,True,44,3,4.4,True,0.03000000000000025,True
heading,275.62,True,27562,4,275.62,True,0.0,True
vertical_rate,,False,0,5,,False,,True
lat,47.4568,True,3202975,0,47.45680748386562,True,7.483865616109142e-06,True
lon,8.5628,True,2196915,1,8.562771931355456,True,2.8068644542855736e-05,True
altitude,,False,0,2,,False,,True
speed,0.06,True,1,3,0.1,True,0.04000000000000001,True
heading,208.12,True,20812,4,208.12,True,0.0,True
vertical_rate,,False,0,5,,False,,True
lat,49.4601,True,3249655,0,49.46009623052984,True,3.769470154679766e-06,True
lon,5.0066,True,2155483,1,5.006633998545169,True,3.399854516938916e-05,True
altitude,10873.74,True,11874,2,10874.0,True,0.2600000000002183,True
speed,232.46,True,2325,3,232.5,True,0.03999999999999204,True
heading,35.91,True,3591,4,35.910000000000004,True,7.105427357601002e-15,True
vertical_rate,5.53,True,33321,5,5.529999999999973,True,2.7533531010703882e-14,True
lat,47.9002,True,3213307,0,47.900208926250684,True,8.92625068615871e-06,True
lon,8.0776,True,2191262,1,8.077570933716487,True,2.906628351340146e-05,True
altitude,10972.8,True,11973,2,10973.0,True,0.2000000000007276,True
speed,229.54,True,2295,3,229.5,True,0.03999999999999204,True
heading,225.45,True,22545,4,225.45000000000002,True,2.842170943040401e-14,True
vertical_rate,0,True,32768,5,0.0,True,0.0,True
lat,46.8917,True,3189807,0,46.891698096203356,True,1.90379664388729e-06,True
lon,11.2404,True,2228112,1,11.240432558162809,True,3.255816280933743e-05,True
altitude,9845.04,True,10845,2,9845.0,True,0.040000000000873115,True
speed,244.63,True,2446,3,244.60000000000002,True,0.029999999999972715,True
heading,222.78,True,22278,4,222.78,True,0.0,True
vertical_rate,-8.78,True,31890,5,-8.779999999999973,True,2.6645352591003757e-14,True
lat,49.385,True,3247905,0,49.384994360207145,True,5.639792853173731e-06,True
lon,10.8196,True,2223209,1,10.819604592229012,True,4.592229013056226e-06,True
altitude,10363.2,True,11363,2,10363.0,True,0.2000000000007276,True
speed,243.05,True,2431,3,243.10000000000002,True,0.05000000000001137,True
heading,288.51,True,28851,4,288.51,True,0.0,True
vertical_rate,0,True,32768,5,0.0,True,0.0,True
lat,47.8892,True,3213050,0,47.88917968015187,True,2.031984813299914e-05,True
lon,7.6044,True,2185749,1,7.604386235329201,True,1.3764670798721568e-05,True
altitude,11277.6,True,12278,2,11278.0,True,0.3999999999996362,True
speed,259.77,True,2598,3,259.8,True,0.03000000000002956,True
heading,103.98,True,10398,4,103.98,True,0.0,True
vertical_rate,0,True,32768,5,0.0,True,0.0,True
lat,46.5431,True,3181684,0,46.54309667184273,True,3.328157269777421e-06,True
lon,5.7885,True,2164592,1,5.788465926281418,True,3.4073718581772994e-05,True
altitude,11277.6,True,12278,2,11278.0,True,0.3999999999996362,True
speed,225.32,True,2253,3,225.3,True,0.01999999999998181,True
heading,198.23,True,19823,4,198.23000000000002,True,2.842170943040401e-14,True
vertical_rate,0,True,32768,5,0.0,True,0.0,True
lat,48.7235,True,3232491,0,48.723497086405075,True,2.9135949262126815e-06,True
lon,9.4611,True,2207381,1,9.461076131123548,True,2.3868876452226573e-05,True
altitude,11582.4,True,12582,2,11582.0,True,0.3999999999996362,True
speed,222.93,True,2229,3,222.9,True,0.030000000000001137,True
heading,302.37,True,30237,4,302.37,True,0.0,True
vertical_rate,-0.33,True,32735,5,-0.3299999999999841,True,1.5931700403370996e-14,True
lat,49.2407,True,3244543,0,49.24071293847868,True,1.2938478683111043e-05,True
lon,10.6218,True,2220904,1,10.621764808121867,True,3.519187813338931e-05,True
altitude,5242.56,True,6243,2,5243.0,True,0.4399999999995998,True
speed,192.03,True,1920,3,192.0,True,0.030000000000001137,True
heading,248.8,True,24880,4,248.8,True,0.0,True
vertical_rate,9.43,True,33711,5,9.430000000000007,True,7.105427357601002e-15,True
lat,45.9448,True,3167743,0,45.94481371517509,True,1.3715175086304043e-05,True
lon,11.2937,True,2228733,1,11.293733428414669,True,3.34284146692454e-05,True
altitude,13716,True,14716,2,13716.0,True,0.0,True
speed,255.71,True,2557,3,255.70000000000002,True,0.009999999999990905,True
heading,118.21,True,11821,4,118.21000000000001,True,1.4210854715202004e-14,True
vertical_rate,0,True,32768,5,0.0,True,0.0,True
lat,45.7172,True,3162439,0,45.717190675065666,True,9.324934332255452e-06,True
lon,5.0918,True,2156475,1,5.091778061813841,True,2.1938186159253803e-05,True
altitude,,False,0,2,,False,,True
speed,7.2,True,72,3,7.2,True,0.0,True
heading,168.75,True,16875,4,168.75,True,0.0,True
vertical_rate,,False,0,5,,False,,True
lat,47.4443,True,3202684,0,47.44431911571482,True,1.9115714820827634e-05,True
lon,8.5674,True,2196969,1,8.567406789638227,True,6.789638227644446e-06,True
altitude,,False,0,2,,False,,True
speed,0.06,True,1,3,0.1,True,0.04000000000000001,True
heading,244.69,True,24469,4,244.69,True,0.0,True
vertical_rate,,False,0,5,,False,,True
lat,48.3537,True,3223874,0,48.353695476936224,True,4.523063779515724e-06,True
lon,9.5029,True,2207868,1,9.502875686377479,True,2.4313622521532352e-05,True
altitude,11894.82,True,12895,2,11895.0,True,0.18000000000029104,True
speed,241.82,True,2418,3,241.8,True,0.01999999999998181,True
heading,152.78,True,15278,4,152.78,True,0.0,True
vertical_rate,0,True,32768,5,0.0,True,0.0,True
lat,45.5287,True,3158047,0,45.528706438233,True,6.438233000949367e-06,True
lon,5.104,True,2156617,1,5.103966022483348,True,3.397751665179527e-05,True
altitude,10972.8,True,11973,2,10973.0,True,0.2000000000007276,True
speed,255.67,True,2557,3,255.70000000000002,True,0.03000000000002956,True
heading,110,True,11000,4,110.0,True,0.0,True
vertical_rate,0,True,32768,5,0.0,True,0.0,True
lat,47.5896,True,3206069,0,47.589587590596096,True,1.2409403900903726e-05,True
lon,7.5295,True,2184877,1,7.529541857133353,True,4.185713335314034e-05,True
altitude,,False,0,2,,False,,True
speed,22.12,True,221,3,22.1,True,0.019999999999999574,True
heading,334.69,True,33469,4,334.69,True,0.0,True
vertical_rate,,False,0,5,,False,,True
lat,48.9357,True,3237436,0,48.9357135142597,True,1.3514259705971199e-05,True
lon,8.9906,True,2201900,1,8.990638015422348,True,3.8015422347825734e-05,True
altitude,11582.4,True,12582,2,11582.0,True,0.3999999999996362,True
speed,228.42,True,2284,3,228.4,True,0.01999999999998181,True
heading,300.9,True,30090,4,300.90000000000003,True,5.684341886080802e-14,True
vertical_rate,0,True,32768,5,0.0,True,0.0,True
lat,48.6862,True,3231622,0,48.68620364337053,True,3.643370533268353e-06,True
lon,9.2024,True,2204367,1,9.202382374377805,True,1.7625622195538426e-05,True
altitude,,False,0,2,,False,,True
speed,5.66,True,57,3,5.7,True,0.040000000000000036,True
heading,73.12,True,7312,4,73.12,True,0.0,True
vertical_rate,,False,0,5,,False,,True
lat,49.405,True,3248371,0,49.40499291539024,True,7.084609762841865e-06,True
lon,11.5747,True,2232006,1,11.574657338775921,True,4.2661224078699433e-05,True
altitude,12184.38,True,13184,2,12184.0,True,0.37999999999919964,True
speed,243.99,True,2440,3,244.0,True,0.009999999999990905,True
heading,293.48,True,29348,4,293.48,True,0.0,True
vertical_rate,0,True,32768,5,0.0,True,0.0,True
lat,48.5185,True,3227714,0,48.518490438101395,True,9.561898608012598e-06,True
lon,6.298,True,2170529,1,6.298042845259403,True,4.284525940256856e-05,True
altitude,11887.2,True,12887,2,11887.0,True,0.2000000000007276,True
speed,233.65,True,2337,3,233.70000000000002,True,0.05000000000001137,True
heading,181.64,True,18164,4,181.64000000000001,True,2.842170943040401e-14,True
vertical_rate,0,True,32768,5,0.0,True,0.0,True
lat,45.7287,True,3162707,0,45.72869199006365,True,8.009936351527358e-06,True
lon,8.7918,True,2199583,1,8.79176826280792,True,3.173719207971715e-05,True
altitude,3314.7,True,4315,2,3315.0,True,0.3000000000001819,True
speed,167.29,True,1673,3,167.3,True,0.010000000000019327,True
heading,152.33,True,15233,4,152.33,True,0.0,True
vertical_rate,-5.85,True,32183,5,-5.850000000000023,True,2.3092638912203256e-14,True
lat,47.4578,True,3202998,0,47.45779453701843,True,5.462981569337444e-06,True
lon,8.5619,True,2196905,1,8.561913624266055,True,1.36242660548902e-05,True
altitude,,False,0,2,,False,,True
speed,2.57,True,26,3,2.6,True,0.03000000000000025,True
heading,275.62,True,27562,4,275.62,True,0.0,True
vertical_rate,,False,0,5,,False,,True
lat,47.4582,True,3203007,0,47.45818077520866,True,1.9224791337535407e-05,True
lon,8.5491,True,2196756,1,8.549124848633966,True,2.4848633966456646e-05,True
altitude,,False,0,2,,False,,True
speed,4.37,True,44,3,4.4,True,0.03000000000000025,True
heading,278.44,True,27844,4,278.44,True,0.0,True
vertical_rate,,False,0,5,,False,,True
lat,47.4409,True,3202604,0,47.44088588735721,True,1.4112642787722507e-05,True
lon,8.5624,True,2196911,1,8.562428608519696,True,2.8608519695438872e-05,True
altitude,,False,0,2,,False,,True
speed,2.57,True,26,3,2.6,True,0.03000000000000025,True
heading,219.38,True,21938,4,219.38,True,0.0,True
vertical_rate,,False,0,5,,False,,True
lat,47.4579,True,3203000,0,47.45788036772737,True,1.963227263246381e-05,True
lon,8.549,True,2196755,1,8.549039017925026,True,3.90179250260303e-05,True
altitude,,False,0,2,,False,,True
speed,4.89,True,49,3,4.9,True,0.010000000000000675,True
heading,247.5,True,24750,4,247.5,True,0.0,True
vertical_rate,,False,0,5,,False,,True
lat,47.4568,True,3202975,0,47.45680748386562,True,7.483865616109142e-06,True
lon,8.5628,True,2196915,1,8.562771931355456,True,2.8068644542855736e-05,True
altitude,,False,0,2,,False,,True
speed,0,True,0,3,0.0,True,0.0,True
heading,118.12,True,11812,4,118.12,True,0.0,True
vertical_rate,,False,0,5,,False,,True
lat,49.484,True,3250212,0,49.484000082969686,True,8.296968445620223e-08,True
lon,5.0333,True,2155794,1,5.033327349025569,True,2.7349025569556318e-05,True
altitude,10957.56,True,11958,2,10958.0,True,0.4400000000005093,True
speed,233.06,True,2331,3,233.10000000000002,True,0.040000000000020464,True
heading,36.11,True,3611,4,36.11,True,0.0,True
vertical_rate,5.85,True,33353,5,5.850000000000023,True,2.3092638912203256e-14,True
lat,47.8793,True,3212820,0,47.87930914862375,True,9.148623746568774e-06,True
lon,8.0462,True,2190897,1,8.046242724953316,True,4.2724953315698144e-05,True
altitude,10972.8,True,11973,2,10973.0,True,0.2000000000007276,True
speed,229.54,True,2295,3,229.5,True,0.03999999999999204,True
heading,225.45,True,22545,4,225.45000000000002,True,2.842170943040401e-14,True
vertical_rate,0,True,32768,5,0.0,True,0.0,True
lat,46.8685,True,3189266,0,46.868480889435034,True,1.9110564963398247e-05,True
lon,11.209,True,2227746,1,11.209018518690698,True,1.8518690698243745e-05,True
altitude,9730.74,True,10731,2,9731.0,True,0.2600000000002183,True
speed,243.53,True,2435,3,243.5,True,0.030000000000001137,True
heading,222.86,True,22286,4,222.86,True,0.0,True
vertical_rate,-8.13,True,31955,5,-8.129999999999995,True,5.329070518200751e-15,True
lat,49.3949,True,3248136,0,49.394907807089766,True,7.807089765776709e-06,True
lon,10.7743,True,2222681,1,10.77428597790859,True,1.4022091409771065e-05,True
altitude,10363.2,True,11363,2,10363.0,True,0.2000000000007276,True
speed,243.05,True,2431,3,243.10000000000002,True,0.05000000000001137,True
heading,288.51,True,28851,4,288.51,True,0.0,True
vertical_rate,0,True,32768,5,0.0,True,0.0,True
lat,47.8813,True,3212866,0,47.88128325492937,True,1.6745070631429826e-05,True
lon,7.6513,True,2186296,1,7.651335633119487,True,3.563311948706627e-05,True
altitude,11277.6,True,12278,2,11278.0,True,0.3999999999996362,True
speed,258.28,True,2583,3,258.3,True,0.020000000000038654,True
heading,104.06,True,10406,4,104.06,True,0.0,True
vertical_rate,0,True,32768,5,0.0,True,0.0,True
lat,46.5154,True,3181039,0,46.51541626820952,True,1.626820952083108e-05,True
lon,5.7767,True,2164455,1,5.776707119156612,True,7.119156611778976e-06,True
altitude,11277.6,True,12278,2,11278.0,True,0.3999999999996362,True
speed,225.56,True,2256,3,225.60000000000002,True,0.040000000000020464,True
heading,195.75,True,19575,4,195.75,True,0.0,True
vertical_rate,0.33,True,32801,5,0.3299999999999841,True,1.5931700403370996e-14,True
lat,48.7388,True,3232848,0,48.7388178679509,True,1.7867950901973018e-05,True
lon,9.4245,True,2206955,1,9.424512249115025,True,1.2249115025397828e-05,True
altitude,11582.4,True,12582,2,11582.0,True,0.3999999999996362,True
speed,222.93,True,2229,3,222.9,True,0.030000000000001137,True
heading,302.37,True,30237,4,302.37,True,0.0,True
vertical_rate,0.33,True,32801,5,0.3299999999999841,True,1.5931700403370996e-14,True
lat,49.2319,True,3244338,0,49.23191529081231,True,1.529081230700058e-05,True
lon,10.5875,True,2220505,1,10.58751835525473,True,1.8355254729485182e-05,True
altitude,5372.1,True,6372,2,5372.0,True,0.1000000000003638,True
speed,193.84,True,1938,3,193.8,True,0.03999999999999204,True
heading,248.68,True,24868,4,248.68,True,0.0,True
vertical_rate,9.1,True,33678,5,9.100000000000023,True,2.3092638912203256e-14,True
lat,45.9295,True,3167386,0,45.92949293362926,True,7.066370734776228e-06,True
lon,11.3345,True,2229208,1,11.33450301516126,True,3.0151612602224986e-06,True
altitude,13716,True,14716,2,13716.0,True,0.0,True
speed,255.71,True,2557,3,255.70000000000002,True,0.009999999999990905,True
heading,118.21,True,11821,4,118.21000000000001,True,1.4210854715202004e-14,True
vertical_rate,-0.33,True,32735,5,-0.3299999999999841,True,1.5931700403370996e-14,True
lat,45.7164,True,3162421,0,45.716418198685204,True,1.8198685204140475e-05,True
lon,5.0926,True,2156485,1,5.092636368903243,True,3.63689032427672e-05,True
altitude,,False,0,2,,False,,True
speed,8.23,True,82,3,8.200000000000001,True,0.02999999999999936,True
heading,81.56,True,8156,4,81.56,True,0.0,True
vertical_rate,,False,0,5,,False,,True
lat,47.4443,True,3202684,0,47.44431911571482,True,1.9115714820827634e-05,True
lon,8.5674,True,2196969,1,8.567406789638227,True,6.789638227644446e-06,True
altitude,,False,0,2,,False,,True
speed,0.39,True,4,3,0.4,True,0.010000000000000009,True
heading,244.69,True,24469,4,244.69,True,0.0,True
vertical_rate,,False,0,5,,False,,True
