snapshot_index,snapshot_time,icao24,callsign,time_position,last_contact,longitude,latitude,baro_altitude,on_ground,velocity,true_track,vertical_rate,geo_altitude
1,1786673155,a48850,UPS266  ,1786673155,1786673155,9.4747,48.3902,11887.2,False,241.82,152.78,0,12458.7
1,1786673155,896175,UAE4M   ,1786673154,1786673155,5.0463,45.5435,10972.8,False,256.15,109.96,0,11567.16
1,1786673155,3849ff,M02     ,1786673154,1786673154,7.5318,47.5864,,True,12.35,300.94,,
1,1786673155,407fac,TOM8VC  ,1786673154,1786673154,9.0408,48.9159,11582.4,False,228.42,300.9,0,12176.76
1,1786673155,3c815e,F172    ,1786673142,1786673143,9.2005,48.6854,,True,1.29,70.31,,
1,1786673155,7c8066,QFA219  ,1786673154,1786673154,11.6329,49.3885,12192,False,244.2,293.59,0,12778.74
1,1786673155,45ce47,SRR6382 ,1786673154,1786673155,6.2995,48.5581,11887.2,False,233.12,181.52,0,12473.94
1,1786673155,3c5434,BCS6GA  ,1786673154,1786673154,8.7707,45.7544,3429,False,180.12,147.72,-6.83,3726.18
1,1786673155,4b5d62,VIKTOR21,1786673153,1786673153,8.5626,47.4577,,True,2.83,272.81,,
1,1786673155,4b5d54,GALA6   ,1786673154,1786673154,8.5502,47.4581,,True,3.6,275.62,,
1,1786673155,4b5d6e,VIKTOR31,1786673139,1786673142,8.5619,47.4409,,True,2.83,22.5,,
1,1786673155,4b5c39,GALA21  ,1786673149,1786673149,8.5506,47.458,,True,4.63,278.44,,
1,1786673155,4b5c1b,URSULA8 ,1786673153,1786673154,8.5628,47.4568,,True,0.26,300.94,,
1,1786673155,48ea3a,ENT1511 ,1786673155,1786673155,8.0877,47.9068,10972.8,False,229.54,225.45,0,11551.92
1,1786673155,424cbf,MACOR   ,1786673154,1786673154,11.2504,46.8991,9883.14,False,244.26,222.87,-8.13,10424.16
1,1786673155,a61c53,THY6091 ,1786673154,1786673154,10.8344,49.3817,10363.2,False,243.21,288.63,0,10888.98
1,1786673155,8966d5,ETD2    ,1786673154,1786673155,7.5863,47.8922,11277.6,False,259.27,104.01,0,11856.72
1,1786673155,4d253b,EWG40C  ,1786673154,1786673154,5.7932,46.5527,11277.6,False,224.65,200.51,0,11894.82
1,1786673155,45b534,GAV596  ,1786673153,1786673154,9.474,48.7181,11582.4,False,222.93,302.37,0,12184.38
1,1786673155,4d240c,EWG53L  ,1786673153,1786673154,10.6347,49.244,5189.22,False,186.49,248.81,10.08,5524.5
1,1786673155,ad35c8,N950MP  ,1786673154,1786673154,11.2781,45.9506,13716,False,255.47,118.11,0,14356.08
1,1786673155,3889ff,LA2     ,1786673155,1786673155,5.0917,45.7174,,True,5.66,171.56,,
1,1786673155,4b17fd,SWR7DC  ,1786673098,1786673154,8.5674,47.4443,,True,0.26,244.69,,
2,1786673160,a48850,UPS266  ,1786673159,1786673160,9.4818,48.3811,11887.2,False,241.82,152.78,0,12458.7
2,1786673160,896175,UAE4M   ,1786673159,1786673159,5.0616,45.5396,10972.8,False,255.67,110,0,11567.16
2,1786673160,3849ff,M02     ,1786673159,1786673159,7.5312,47.5871,,True,18.52,334.69,,
2,1786673160,407fac,TOM8VC  ,1786673158,1786673159,9.0286,48.9207,11582.4,False,228.42,300.9,0,12176.76
2,1786673160,3c815e,F172    ,1786673142,1786673143,9.2005,48.6854,,True,1.29,70.31,,
2,1786673160,7c8066,QFA219  ,1786673159,1786673160,11.6172,49.3929,12184.38,False,244.2,293.59,0,12771.12
2,1786673160,45ce47,SRR6382 ,1786673160,1786673160,6.2991,48.5472,11887.2,False,233.64,181.51,0,12473.94
2,1786673160,3c5434,BCS6GA  ,1786673159,1786673159,8.7767,45.7476,3398.52,False,176.54,148.95,-6.5,3695.7
2,1786673160,4b5d62,VIKTOR21,1786673156,1786673156,8.5625,47.4577,,True,2.83,272.81,,
2,1786673160,4b5d54,GALA6   ,1786673159,1786673159,8.5499,47.4581,,True,4.12,275.62,,
2,1786673160,4b5d6e,VIKTOR31,1786673158,1786673158,8.5624,47.441,,True,2.83,154.69,,
2,1786673160,4b5c39,GALA21  ,1786673156,1786673156,8.5502,47.458,,True,4.37,275.62,,
2,1786673160,4b5c1b,URSULA8 ,1786673154,1786673157,8.5628,47.4568,,True,0.06,208.12,,
2,1786673160,440b61,TAY5DN  ,1786673159,1786673159,5.0066,49.4601,10873.74,False,232.46,35.91,5.53,11414.76
2,1786673160,48ea3a,ENT1511 ,1786673159,1786673160,8.0776,47.9002,10972.8,False,229.54,225.45,0,11551.92
2,1786673160,424cbf,MACOR   ,1786673159,1786673159,11.2404,46.8917,9845.04,False,244.63,222.78,-8.78,10386.06
2,1786673160,a61c53,THY6091 ,1786673158,1786673159,10.8196,49.385,10363.2,False,243.05,288.51,0,10888.98
2,1786673160,8966d5,ETD2    ,1786673159,1786673160,7.6044,47.8892,11277.6,False,259.77,103.98,0,11856.72
2,1786673160,4d253b,EWG40C  ,1786673159,1786673160,5.7885,46.5431,11277.6,False,225.32,198.23,0,11894.82
2,1786673160,45b534,GAV596  ,1786673158,1786673159,9.4611,48.7235,11582.4,False,222.93,302.37,-0.33,12184.38
2,1786673160,4d240c,EWG53L  ,1786673159,1786673159,10.6218,49.2407,5242.56,False,192.03,248.8,9.43,5600.7
2,1786673160,ad35c8,N950MP  ,1786673159,1786673160,11.2937,45.9448,13716,False,255.71,118.21,0,14356.08
2,1786673160,3889ff,LA2     ,1786673159,1786673159,5.0918,45.7172,,True,7.2,168.75,,
2,1786673160,4b17fd,SWR7DC  ,1786673098,1786673160,8.5674,47.4443,,True,0.06,244.69,,
3,1786673174,a48850,UPS266  ,1786673173,1786673174,9.5029,48.3537,11894.82,False,241.82,152.78,0,12466.32
3,1786673174,896175,UAE4M   ,1786673173,1786673173,5.104,45.5287,10972.8,False,255.67,110,0,11567.16
3,1786673174,3849ff,M02     ,1786673173,1786673173,7.5295,47.5896,,True,22.12,334.69,,
3,1786673174,407fac,TOM8VC  ,1786673172,1786673173,8.9906,48.9357,11582.4,False,228.42,300.9,0,12176.76
3,1786673174,3c815e,F172    ,1786673173,1786673173,9.2024,48.6862,,True,5.66,73.12,,
3,1786673174,7c8066,QFA219  ,1786673173,1786673173,11.5747,49.405,12184.38,False,243.99,293.48,0,12771.12
3,1786673174,45ce47,SRR6382 ,1786673173,1786673174,6.298,48.5185,11887.2,False,233.65,181.64,0,12473.94
3,1786673174,3c5434,BCS6GA  ,1786673173,1786673173,8.7918,45.7287,3314.7,False,167.29,152.33,-5.85,3604.26
3,1786673174,4b5d62,VIKTOR21,1786673173,1786673173,8.5619,47.4578,,True,2.57,275.62,,
3,1786673174,4b5d54,GALA6   ,1786673173,1786673173,8.5491,47.4582,,True,4.37,278.44,,
3,1786673174,4b5d6e,VIKTOR31,1786673163,1786673163,8.5624,47.4409,,True,2.57,219.38,,
3,1786673174,4b5c39,GALA21  ,1786673173,1786673173,8.549,47.4579,,True,4.89,247.5,,
3,1786673174,4b5c1b,URSULA8 ,1786673172,1786673173,8.5628,47.4568,,True,0,118.12,,
3,1786673174,440b61,TAY5DN  ,1786673173,1786673173,5.0333,49.484,10957.56,False,233.06,36.11,5.85,11498.58
3,1786673174,48ea3a,ENT1511 ,1786673174,1786673174,8.0462,47.8793,10972.8,False,229.54,225.45,0,11551.92
3,1786673174,424cbf,MACOR   ,1786673173,1786673173,11.209,46.8685,9730.74,False,243.53,222.86,-8.13,10279.38
3,1786673174,a61c53,THY6091 ,1786673173,1786673173,10.7743,49.3949,10363.2,False,243.05,288.51,0,10888.98
3,1786673174,8966d5,ETD2    ,1786673173,1786673174,7.6513,47.8813,11277.6,False,258.28,104.06,0,11856.72
3,1786673174,4d253b,EWG40C  ,1786673174,1786673174,5.7767,46.5154,11277.6,False,225.56,195.75,0.33,11894.82
3,1786673174,45b534,GAV596  ,1786673173,1786673173,9.4245,48.7388,11582.4,False,222.93,302.37,0.33,12184.38
3,1786673174,4d240c,EWG53L  ,1786673173,1786673173,10.5875,49.2319,5372.1,False,193.84,248.68,9.1,5745.48
3,1786673174,ad35c8,N950MP  ,1786673174,1786673174,11.3345,45.9295,13716,False,255.71,118.21,-0.33,14356.08
3,1786673174,3889ff,LA2     ,1786673173,1786673173,5.0926,45.7164,,True,8.23,81.56,,
3,1786673174,4b17fd,SWR7DC  ,1786673098,1786673171,8.5674,47.4443,,True,0.39,244.69,,
